network,length,coverage,directness
bikeable,5737.706993651895,119.35533100257837,47.28501772591564
bikeable_offstreet,2694.2975565212523,114.45859901891065,66.57031376848778
biketrack,5035.054762417803,116.75668223734664,47.384371620242256
biketrack_onstreet,2662.156242767294,102.50842375643542,59.15990691678346
biketrackcarall,12391.598771758829,121.96692424104373,105.26397915415625
carall,10018.700252108043,118.31656036770053,100.938651076653
