network,length
bikeable,2317.857045401499
bikeable_offstreet,1088.8536043632816
biketrack,2037.852839546018
biketrack_onstreet,1070.9788612183982
biketrackcarall,5013.808920096903
carall,4054.8677383947106
