network,length
bikeable,3152.75648992814
bikeable_offstreet,1507.058050406734
biketrack,2769.8606002022066
biketrack_onstreet,1431.6318365475988
biketrackcarall,6890.9553885240675
carall,5563.676979149579
