network,length
bikeable,2548.454212791369
bikeable_offstreet,1201.8739615465138
biketrack,2238.6901981945402
biketrack_onstreet,1171.4570513393899
biketrackcarall,5520.611358797811
carall,4462.134413575545
