length,coverage,directness
349.39452072979947,70.41595420051677,100.4752533514822
