length,coverage,directness
240.51135146480024,72.19815875207047,133.58496717353503
