length,coverage,directness
332.30658167948826,72.2893938323249,96.41826684790196
