length,coverage,directness
588.4028921825999,72.25697641393894,52.80485317203723
