network,length
bikeable,6187.964565883778
bikeable_offstreet,2907.550643064053
biketrack,5441.285128006578
biketrack_onstreet,2859.4549846484074
biketrackcarall,13372.078141401267
carall,10811.430834594843
