length,coverage,directness
87359.22900000005,72.25697641393894,0.34721469348247697
