length,coverage,directness
86526.51700000004,72.19815875207047,0.3533145647695395
