length,coverage,directness
82137.78499999989,70.41595420051677,0.42737431791575503
