length,coverage,directness
7816.027999999998,8.130957402162762,0.7798407468176557
14999.670999999997,14.192479314880885,0.6569721736753285
19591.177000000018,18.15626554656583,0.6320193145820782
26152.418999999998,24.09641310483205,0.5856345399947793
30186.523000000016,27.952206265783026,0.5853645517335695
34497.22499999998,30.5536707144133,0.6407302559890227
45260.65599999999,39.108411543075604,0.6731168668023547
48030.43800000003,41.70817659439215,0.6595214017459925
54503.165000000066,46.92734764201349,0.6585006604821181
64771.11800000013,54.618128258153746,0.6436191148756808
66613.05600000016,56.37557312731435,0.6494684346065416
70410.4800000001,58.63396492768209,0.6390737597275247
75522.44599999998,62.12913110421789,0.6347505484954654
80527.97099999993,65.06772500167804,0.6532711325940644
90987.88499999975,71.08309756716102,0.6658738694027069
94676.66899999962,72.38517829397286,0.6792800688696766
101049.1319999996,76.21588531311325,0.6858311684236904
106305.5929999997,77.11856356360056,0.7022482963879141
106305.5929999997,77.11856356360056,0.7045749195642892
112663.56499999967,80.26678313493638,0.7027684063283273
116140.7149999996,80.9683357952483,0.7016672742935547
119089.79999999955,81.09308021918604,0.7142330371727107
125077.2619999997,83.86709944601574,0.7138244632068748
125077.2619999997,83.86709944601574,0.7071706883465669
130286.15799999976,85.87628845894193,0.7110385219657789
134732.55599999975,86.2307457374955,0.7152806556343829
138221.50299999956,87.15923695577803,0.7154557772585064
141258.63099999962,87.44526225710305,0.7159207394664405
145554.2639999994,88.61762645245479,0.7167394966463949
149138.39999999967,89.0515748444988,0.7138809001738367
152796.51999999984,89.5941489087458,0.7176117604925573
162961.92500000037,91.28188043759803,0.7117361260895838
162961.92500000037,91.28188043759803,0.7111782619650902
162961.92500000037,91.28188043759803,0.7166693322185571
174352.0380000005,93.05427227756103,0.7159499489251954
174352.0380000005,93.05427227756103,0.717221916009415
186190.0100000004,95.1653800654171,0.7163821035373046
186190.0100000004,95.1653800654171,0.7169977544923846
186190.0100000004,95.1653800654171,0.717209995217957
186190.0100000004,95.1653800654171,0.7207121807873296
