length,coverage,directness
87897.49500000001,72.2893938323249,0.34536998231150684
