length,coverage,directness
77738.32099999998,69.36773314911306,0.48302688217584
